Metric,Train,Test
MAE,65.50020978300331,156.98813620446083
RMSE,96.24308914850265,408.0752359712334
R2,0.9999793068203854,0.9995934672937727
MAPE,inf,inf
