Metric,Train,Test
MAE,21.62027166107861,35.91334642764656
RMSE,215.2285046060595,276.20816222342154
R2,0.9998965125477126,0.9998137535400534
MAPE,inf,inf
